id,name,location,use
86,Edit 1,Marshalls Mill,Offline
87,Edit 2,Marshalls Mill,Offline
88,Edit 3,Marshalls Mill,Offline
89,Edit 4,Marshalls Mill,Offline
90,Edit 5,Marshalls Mill,Offline
91,Edit 6,Marshalls Mill,Offline
92,Edit 7,Marshalls Mill,Offline
93,Edit 8,Marshalls Mill,Offline
94,Edit 9,Marshalls Mill,Online
95,Edit 10,Marshalls Mill,Online
96,Edit 11,Marshalls Mill,Offline
97,Edit 12,Marshalls Mill,Offline
98,Edit 13,Marshalls Mill,Offline
99,Edit 14,Marshalls Mill,Offline
100,Edit 15,Marshalls Mill,Offline
101,Edit 16,Marshalls Mill,Offline
102,Edit 17,Marshalls Mill,Offline
103,Edit 18,Marshalls Mill,Offline
104,Edit 19,Marshalls Mill,Dub
105,Edit 20,Marshalls Mill,Offline
106,Edit 21,Marshalls Mill,Offline
107,Edit 22,Marshalls Mill,Offline
